<?xml version="1.0" encoding="UTF-8"?>
<project-private xmlns="http://www.netbeans.org/ns/project-private/1">
    <editor-bookmarks xmlns="http://www.netbeans.org/ns/editor-bookmarks/2" lastBookmarkId="0"/>
    <open-files xmlns="http://www.netbeans.org/ns/projectui-open-files/2">
        <group>
            <file>file:/C:/Users/Dell/Documents/NetBeansProjects/HostelSystem/src/hostel/Warden.java</file>
            <file>file:/C:/Users/Dell/Documents/NetBeansProjects/HostelSystem/src/hostel/HostelOperations.java</file>
            <file>file:/C:/Users/Dell/Documents/NetBeansProjects/HostelSystem/src/hostel/GuestOperations.java</file>
            <file>file:/C:/Users/Dell/Documents/NetBeansProjects/HostelSystem/src/hostel/HostelOpr.java</file>
            <file>file:/C:/Users/Dell/Documents/NetBeansProjects/HostelSystem/src/hostel/ShowGuests.java</file>
            <file>file:/C:/Users/Dell/Documents/NetBeansProjects/HostelSystem/src/hostel/About.java</file>
            <file>file:/C:/Users/Dell/Documents/NetBeansProjects/HostelSystem/src/hostel/Login.java</file>
            <file>file:/C:/Users/Dell/Documents/NetBeansProjects/HostelSystem/src/hostel/ShowHostels.java</file>
            <file>file:/C:/Users/Dell/Documents/NetBeansProjects/HostelSystem/src/hostel/Staff.java</file>
            <file>file:/C:/Users/Dell/Documents/NetBeansProjects/HostelSystem/src/hostel/Home.java</file>
            <file>file:/C:/Users/Dell/Documents/NetBeansProjects/HostelSystem/src/hostel/WardenOperations.java</file>
            <file>file:/C:/Users/Dell/Documents/NetBeansProjects/HostelSystem/src/hostel/ShowHoatlers.java</file>
            <file>file:/C:/Users/Dell/Documents/NetBeansProjects/HostelSystem/src/hostel/StaffOperations.java</file>
            <file>file:/C:/Users/Dell/Documents/NetBeansProjects/HostelSystem/src/hostel/ShowStaff.java</file>
            <file>file:/C:/Users/Dell/Documents/NetBeansProjects/HostelSystem/src/hostel/ShowWarden.java</file>
            <file>file:/C:/Users/Dell/Documents/NetBeansProjects/HostelSystem/src/hostel/Guest.java</file>
            <file>file:/C:/Users/Dell/Documents/NetBeansProjects/HostelSystem/src/hostel/Hostler.java</file>
            <file>file:/C:/Users/Dell/Documents/NetBeansProjects/HostelSystem/src/hostel/Hostel.java</file>
            <file>file:/C:/Users/Dell/Documents/NetBeansProjects/HostelSystem/src/hostel/Register.java</file>
        </group>
    </open-files>
</project-private>
